{"cameraMode":{"drawMode":0,"name":"Shaded","section":"Shading Mode"},"sceneLighting":false,"audioPlay":false,"sceneViewState":{"m_AlwaysRefresh":false,"showFog":true,"showSkybox":false,"showFlares":true,"showImageEffects":true,"showParticleSystems":true,"showVisualEffectGraphs":true,"m_FxEnabled":true},"in2DMode":false,"pivot":{"x":0.1584537923336029,"y":0.051824331283569339,"z":0.09602904319763184},"rotation":{"x":-0.014882514253258706,"y":0.9223871231079102,"z":-0.3843478858470917,"w":-0.035712383687496188},"size":1.032751441001892,"orthographic":false}